name,result
sunny_999.jpg,sunny
sunny_996.jpg,sunny
sunny_994.jpg,sunny
sunny_993.jpg,sunny
sunny_992.jpg,sunny
sunny_991.jpg,sunny
sunny_989.jpg,sunny
sunny_988.jpg,sunny
sunny_987.jpg,sunny
sunny_984.jpg,sunny
sunny_983.jpg,sunny
sunny_982.jpg,sunny
sunny_981.jpg,sunny
sunny_980.jpg,sunny
sunny_979.jpg,sunny
sunny_978.jpg,sunny
sunny_977.jpg,sunny
sunny_975.jpg,sunny
sunny_974.jpg,sunny
sunny_973.jpg,sunny
sunny_971.jpg,sunny
sunny_970.jpg,sunny
sunny_969.jpg,sunny
sunny_968.jpg,sunny
sunny_967.jpg,sunny
sunny_963.jpg,sunny
sunny_960.jpg,sunny
sunny_957.jpg,sunny
sunny_956.jpg,sunny
sunny_955.jpg,sunny
sunny_953.jpg,sunny
sunny_952.jpg,sunny
sunny_951.jpg,sunny
sunny_943.jpg,sunny
sunny_942.jpg,sunny
sunny_941.jpg,sunny
sunny_938.jpg,sunny
sunny_937.jpg,sunny
sunny_936.jpg,sunny
sunny_934.jpg,sunny
sunny_932.jpg,sunny
sunny_931.jpg,sunny
sunny_930.jpg,sunny
sunny_928.jpg,sunny
sunny_927.jpg,sunny
sunny_926.jpg,sunny
sunny_924.jpg,sunny
sunny_921.jpg,sunny
sunny_920.jpg,sunny
sunny_919.jpg,sunny
sunny_918.jpg,sunny
sunny_917.jpg,sunny
sunny_916.jpg,sunny
sunny_915.jpg,sunny
sunny_914.jpg,sunny
sunny_912.jpg,sunny
sunny_910.jpg,sunny
sunny_911.jpg,sunny
sunny_909.jpg,sunny
sunny_908.jpg,sunny
sunny_906.jpg,sunny
sunny_904.jpg,sunny
sunny_902.jpg,sunny
sunny_3165.jpg,sunny
sunny_3151.jpg,sunny
sunny_3150.jpg,sunny
sunny_3127.jpg,sunny
sunny_3125.jpg,sunny
sunny_3119.jpg,sunny
sunny_3118.jpg,sunny
sunny_3109.jpg,sunny
sunny_3102.jpg,sunny
sunny_3107.jpg,sunny
sunny_3099.jpg,sunny
sunny_3095.jpg,sunny
sunny_3091.jpg,sunny
sunny_3090.jpg,sunny
sunny_3069.jpg,sunny
sunny_3067.jpg,sunny
sunny_3059.jpg,sunny
sunny_3064.jpg,sunny
sunny_3006.jpg,sunny
sunny_3001.jpg,sunny
sunny_2994.jpg,sunny
sunny_2981.jpg,sunny
sunny_2967.jpg,sunny
sunny_2966.jpg,sunny
sunny_2963.jpg,sunny
sunny_2962.jpg,sunny
sunny_2929.jpg,sunny
sunny_2925.jpg,sunny
sunny_2920.jpg,sunny
sunny_2918.jpg,sunny
sunny_2917.jpg,sunny
sunny_2915.jpg,sunny
sunny_2903.jpg,sunny
sunny_2896.jpg,sunny
sunny_2894.jpg,sunny
sunny_2888.jpg,sunny
sunny_2885.jpg,sunny
sunny_2872.jpg,sunny
sunny_2864.jpg,sunny
sunny_2862.jpg,sunny
sunny_2858.jpg,sunny
sunny_2857.jpg,sunny
sunny_2841.jpg,sunny
sunny_2837.jpg,sunny
sunny_2827.jpg,sunny
sunny_2823.jpg,sunny
sunny_2804.jpg,sunny
sunny_2805.jpg,sunny
sunny_2802.jpg,sunny
sunny_2798.jpg,sunny
sunny_2789.jpg,sunny
sunny_2785.jpg,sunny
sunny_2767.jpg,sunny
sunny_2753.jpg,sunny
sunny_2042.jpg,sunny
sunny_2037.jpg,sunny
sunny_2009.jpg,sunny
sunny_1199.jpg,sunny
sunny_1198.jpg,sunny
sunny_1197.jpg,sunny
sunny_1196.jpg,sunny
sunny_1195.jpg,sunny
sunny_1194.jpg,sunny
sunny_1192.jpg,sunny
sunny_1188.jpg,sunny
sunny_1191.jpg,sunny
sunny_1187.jpg,sunny
sunny_1186.jpg,sunny
sunny_1185.jpg,sunny
sunny_1184.jpg,sunny
sunny_1183.jpg,sunny
sunny_1182.jpg,sunny
sunny_1181.jpg,sunny
sunny_1180.jpg,sunny
sunny_1179.jpg,sunny
sunny_1178.jpg,sunny
sunny_1177.jpg,sunny
sunny_1176.jpg,sunny
sunny_1175.jpg,sunny
sunny_1174.jpg,sunny
sunny_1173.jpg,sunny
sunny_1171.jpg,sunny
sunny_1170.jpg,sunny
sunny_1169.jpg,sunny
sunny_1168.jpg,sunny
sunny_1167.jpg,sunny
sunny_1164.jpg,sunny
sunny_1163.jpg,sunny
sunny_1162.jpg,sunny
sunny_1161.jpg,sunny
sunny_1160.jpg,sunny
sunny_1159.jpg,sunny
sunny_1158.jpg,sunny
sunny_1157.jpg,sunny
sunny_1156.jpg,sunny
sunny_1155.jpg,sunny
sunny_1153.jpg,sunny
sunny_1151.jpg,sunny
sunny_1150.jpg,sunny
sunny_1149.jpg,sunny
sunny_1148.jpg,sunny
sunny_1147.jpg,sunny
sunny_1146.jpg,sunny
sunny_1145.jpg,sunny
sunny_1144.jpg,sunny
sunny_1143.jpg,sunny
sunny_1142.jpg,sunny
sunny_1141.jpg,sunny
sunny_1140.jpg,sunny
sunny_1139.jpg,sunny
sunny_1137.jpg,sunny
sunny_1136.jpg,sunny
sunny_1135.jpg,sunny
sunny_1134.jpg,sunny
sunny_1133.jpg,sunny
sunny_1131.jpg,sunny
sunny_1130.jpg,sunny
sunny_1129.jpg,sunny
sunny_1128.jpg,sunny
sunny_1127.jpg,sunny
sunny_1126.jpg,sunny
sunny_1125.jpg,sunny
sunny_1124.jpg,sunny
sunny_1123.jpg,sunny
sunny_1122.jpg,sunny
sunny_1121.jpg,sunny
sunny_1120.jpg,sunny
sunny_1119.jpg,sunny
sunny_1118.jpg,sunny
sunny_1117.jpg,sunny
sunny_1116.jpg,sunny
sunny_1115.jpg,sunny
sunny_1114.jpg,sunny
sunny_1113.jpg,sunny
sunny_1112.jpg,sunny
sunny_1111.jpg,sunny
sunny_1110.jpg,sunny
sunny_1109.jpg,sunny
sunny_1108.jpg,sunny
sunny_1106.jpg,sunny
sunny_1105.jpg,sunny
sunny_1104.jpg,sunny
sunny_1103.jpg,sunny
sunny_1102.jpg,sunny
sunny_1101.jpg,sunny
sunny_1100.jpg,sunny
sunny_1099.jpg,sunny
sunny_1098.jpg,sunny
sunny_1096.jpg,sunny
sunny_1093.jpg,sunny
sunny_1092.jpg,sunny
sunny_1091.jpg,sunny
sunny_1090.jpg,sunny
sunny_1089.jpg,sunny
sunny_1087.jpg,sunny
sunny_1085.jpg,sunny
sunny_1084.jpg,sunny
sunny_1082.jpg,sunny
sunny_1081.jpg,sunny
sunny_1080.jpg,sunny
sunny_1079.jpg,sunny
sunny_1078.jpg,sunny
sunny_1077.jpg,sunny
sunny_1076.jpg,sunny
sunny_1075.jpg,sunny
sunny_1073.jpg,sunny
sunny_1072.jpg,sunny
sunny_1071.jpg,sunny
sunny_1070.jpg,sunny
sunny_1069.jpg,sunny
sunny_1068.jpg,sunny
sunny_1065.jpg,sunny
sunny_1064.jpg,sunny
sunny_1062.jpg,sunny
sunny_1056.jpg,sunny
sunny_1055.jpg,sunny
sunny_1052.jpg,sunny
sunny_1051.jpg,sunny
sunny_1050.jpg,sunny
sunny_1049.jpg,sunny
sunny_1041.jpg,sunny
sunny_1040.jpg,sunny
sunny_1038.jpg,sunny
sunny_1036.jpg,sunny
sunny_1035.jpg,sunny
sunny_1034.jpg,sunny
sunny_1027.jpg,sunny
sunny_1031.jpg,sunny
sunny_1029.jpg,sunny
sunny_1028.jpg,sunny
sunny_1025.jpg,sunny
sunny_1024.jpg,sunny
sunny_1023.jpg,sunny
sunny_1019.jpg,sunny
sunny_1018.jpg,sunny
sunny_1015.jpg,sunny
sunny_1014.jpg,sunny
sunny_1013.jpg,sunny
sunny_1011.jpg,sunny
sunny_1010.jpg,sunny
sunny_1008.jpg,sunny
sunny_1007.jpg,sunny
sunny_1003.jpg,sunny
sunny_1006.jpg,sunny
sunny_1001.jpg,sunny
sunny_1002.jpg,sunny
sunny_1000.jpg,sunny
snow_998.jpg,snow
snow_997.jpg,snow
snow_995.jpg,snow
snow_994.jpg,snow
snow_993.jpg,snow
snow_990.jpg,snow
snow_989.jpg,snow
snow_988.jpg,snow
snow_987.jpg,snow
snow_984.jpg,snow
snow_985.jpg,snow
snow_983.jpg,snow
snow_982.jpg,snow
snow_981.jpg,snow
snow_979.jpg,snow
snow_978.jpg,snow
snow_976.jpg,snow
snow_975.jpg,snow
snow_974.jpg,snow
snow_973.jpg,snow
snow_972.jpg,snow
snow_971.jpg,snow
snow_970.jpg,snow
snow_969.jpg,snow
snow_968.jpg,snow
snow_966.jpg,snow
snow_965.jpg,snow
snow_964.jpg,snow
snow_963.jpg,snow
snow_962.jpg,snow
snow_961.jpg,snow
snow_960.jpg,snow
snow_959.jpg,snow
snow_958.jpg,snow
snow_957.jpg,snow
snow_956.jpg,snow
snow_955.jpg,snow
snow_954.jpg,snow
snow_950.jpg,snow
snow_948.jpg,snow
snow_947.jpg,snow
snow_946.jpg,snow
snow_945.jpg,snow
snow_944.jpg,snow
snow_942.jpg,snow
snow_941.jpg,snow
snow_940.jpg,snow
snow_939.jpg,snow
snow_937.jpg,snow
snow_936.jpg,snow
snow_935.jpg,snow
snow_932.jpg,snow
snow_931.jpg,snow
snow_930.jpg,snow
snow_928.jpg,snow
snow_927.jpg,snow
snow_926.jpg,snow
snow_925.jpg,snow
snow_924.jpg,snow
snow_923.jpg,snow
snow_922.jpg,snow
snow_921.jpg,snow
snow_920.jpg,snow
snow_919.jpg,snow
snow_918.jpg,snow
snow_917.jpg,snow
snow_916.jpg,snow
snow_915.jpg,snow
snow_914.jpg,snow
snow_913.jpg,snow
snow_909.jpg,snow
snow_908.jpg,snow
snow_907.jpg,snow
snow_906.jpg,snow
snow_905.jpg,snow
snow_903.jpg,snow
snow_902.jpg,snow
snow_2378.jpg,snow
snow_2377.jpg,snow
snow_2373.jpg,snow
snow_2361.jpg,snow
snow_2359.jpg,snow
snow_2355.jpg,snow
snow_2351.jpg,snow
snow_2350.jpg,snow
snow_2348.jpg,snow
snow_2347.jpg,snow
snow_2345.jpg,snow
snow_2343.jpg,snow
snow_2342.jpg,snow
snow_2340.jpg,snow
snow_2338.jpg,snow
snow_2337.jpg,snow
snow_2334.jpg,snow
snow_2332.jpg,snow
snow_2331.jpg,snow
snow_2330.jpg,snow
snow_2327.jpg,snow
snow_2326.jpg,snow
snow_2325.jpg,snow
snow_2324.jpg,snow
snow_2323.jpg,snow
snow_2321.jpg,snow
snow_2318.jpg,snow
snow_2317.jpg,snow
snow_2313.jpg,snow
snow_2312.jpg,snow
snow_2311.jpg,snow
snow_2290.jpg,snow
snow_2278.jpg,snow
snow_2274.jpg,snow
snow_2255.jpg,snow
snow_2250.jpg,snow
snow_2224.jpg,snow
snow_2205.jpg,snow
snow_2192.jpg,snow
snow_2188.jpg,snow
snow_2185.jpg,snow
snow_2179.jpg,snow
snow_2150.jpg,snow
snow_2147.jpg,snow
snow_2134.jpg,snow
snow_2132.jpg,snow
snow_2129.jpg,snow
snow_2122.jpg,snow
snow_2121.jpg,snow
snow_2118.jpg,snow
snow_2117.jpg,snow
snow_2107.jpg,snow
snow_2088.jpg,snow
snow_2069.jpg,snow
snow_2066.jpg,snow
snow_2059.jpg,snow
snow_2057.jpg,snow
snow_2031.jpg,snow
snow_2020.jpg,snow
snow_2012.jpg,snow
snow_2010.jpg,snow
snow_2008.jpg,snow
snow_2004.jpg,snow
snow_2003.jpg,snow
snow_2000.jpg,snow
snow_1212.jpg,snow
snow_1213.jpg,snow
snow_1209.jpg,snow
snow_1208.jpg,snow
snow_1206.jpg,snow
snow_1204.jpg,snow
snow_1201.jpg,snow
snow_1200.jpg,snow
snow_1199.jpg,snow
snow_1198.jpg,snow
snow_1197.jpg,snow
snow_1196.jpg,snow
snow_1195.jpg,snow
snow_1193.jpg,snow
snow_1190.jpg,snow
snow_1189.jpg,snow
snow_1186.jpg,snow
snow_1185.jpg,snow
snow_1183.jpg,snow
snow_1182.jpg,snow
snow_1181.jpg,snow
snow_1180.jpg,snow
snow_1179.jpg,snow
snow_1178.jpg,snow
snow_1174.jpg,snow
snow_1168.jpg,snow
snow_1167.jpg,snow
snow_1166.jpg,snow
snow_1165.jpg,snow
snow_1163.jpg,snow
snow_1162.jpg,snow
snow_1161.jpg,snow
snow_1159.jpg,snow
snow_1158.jpg,snow
snow_1156.jpg,snow
snow_1154.jpg,snow
snow_1155.jpg,snow
snow_1153.jpg,snow
snow_1152.jpg,snow
snow_1151.jpg,snow
snow_1149.jpg,snow
snow_1148.jpg,snow
snow_1147.jpg,snow
snow_1146.jpg,snow
snow_1144.jpg,snow
snow_1143.jpg,snow
snow_1142.jpg,snow
snow_1141.jpg,snow
snow_1139.jpg,snow
snow_1138.jpg,snow
snow_1137.jpg,snow
snow_1134.jpg,snow
snow_1133.jpg,snow
snow_1131.jpg,snow
snow_1130.jpg,snow
snow_1129.jpg,snow
snow_1128.jpg,snow
snow_1126.jpg,snow
snow_1125.jpg,snow
snow_1119.jpg,snow
snow_1117.jpg,snow
snow_1118.jpg,snow
snow_1116.jpg,snow
snow_1115.jpg,snow
snow_1112.jpg,snow
snow_1110.jpg,snow
snow_1105.jpg,snow
snow_1104.jpg,snow
snow_1103.jpg,snow
snow_1102.jpg,snow
snow_1101.jpg,snow
snow_1100.jpg,snow
snow_1099.jpg,snow
snow_1098.jpg,snow
snow_1097.jpg,snow
snow_1096.jpg,snow
snow_1095.jpg,snow
snow_1094.jpg,snow
snow_1093.jpg,snow
snow_1092.jpg,snow
snow_1091.jpg,snow
snow_1090.jpg,snow
snow_1089.jpg,snow
snow_1088.jpg,snow
snow_1086.jpg,snow
snow_1084.jpg,snow
snow_1083.jpg,snow
snow_1082.jpg,snow
snow_1080.jpg,snow
snow_1081.jpg,snow
snow_1079.jpg,snow
snow_1078.jpg,snow
snow_1076.jpg,snow
snow_1074.jpg,snow
snow_1073.jpg,snow
snow_1070.jpg,snow
snow_1069.jpg,snow
snow_1066.jpg,snow
snow_1065.jpg,snow
snow_1064.jpg,snow
snow_1063.jpg,snow
snow_1062.jpg,snow
snow_1061.jpg,snow
snow_1060.jpg,snow
snow_1059.jpg,snow
snow_1058.jpg,snow
snow_1057.jpg,snow
snow_1056.jpg,snow
snow_1055.jpg,snow
snow_1054.jpg,snow
snow_1052.jpg,snow
snow_1051.jpg,snow
snow_1050.jpg,snow
snow_1049.jpg,snow
snow_1048.jpg,snow
snow_1046.jpg,snow
snow_1045.jpg,snow
snow_1043.jpg,snow
snow_1042.jpg,snow
snow_1037.jpg,snow
snow_1036.jpg,snow
snow_1035.jpg,snow
snow_1031.jpg,snow
snow_1030.jpg,snow
snow_1028.jpg,snow
snow_1027.jpg,snow
snow_1026.jpg,snow
snow_1023.jpg,snow
snow_1022.jpg,snow
snow_1021.jpg,snow
snow_1020.jpg,snow
snow_1016.jpg,snow
snow_1018.jpg,snow
snow_1015.jpg,snow
snow_1014.jpg,snow
snow_1010.jpg,snow
snow_1013.jpg,snow
snow_1009.jpg,snow
snow_1005.jpg,snow
snow_1003.jpg,snow
snow_1004.jpg,snow
snow_1001.jpg,snow
snow_1002.jpg,snow
snow_1000.jpg,snow
rain_996.jpg,rain
rain_991.jpg,rain
rain_984.jpg,rain
rain_983.jpg,rain
rain_986.jpg,rain
rain_981.jpg,rain
rain_977.jpg,rain
rain_976.jpg,rain
rain_975.jpg,rain
rain_973.jpg,rain
rain_970.jpg,rain
rain_963.jpg,rain
rain_961.jpg,rain
rain_962.jpg,rain
rain_960.jpg,rain
rain_959.jpg,rain
rain_958.jpg,rain
rain_957.jpg,rain
rain_952.jpg,rain
rain_949.jpg,rain
rain_948.jpg,rain
rain_947.jpg,rain
rain_944.jpg,rain
rain_938.jpg,rain
rain_937.jpg,rain
rain_931.jpg,rain
rain_924.jpg,rain
rain_920.jpg,rain
rain_915.jpg,rain
rain_913.jpg,rain
rain_912.jpg,rain
rain_908.jpg,rain
rain_903.jpg,rain
rain_902.jpg,rain
rain_901.jpg,rain
rain_2417.jpg,rain
rain_2409.jpg,rain
rain_2398.jpg,rain
rain_2394.jpg,rain
rain_2386.jpg,rain
rain_2377.jpg,rain
rain_2366.jpg,rain
rain_2360.jpg,rain
rain_2357.jpg,rain
rain_2355.jpg,rain
rain_2353.jpg,rain
rain_2351.jpg,rain
rain_2347.jpg,rain
rain_2344.jpg,rain
rain_2340.jpg,rain
rain_2332.jpg,rain
rain_2315.jpg,rain
rain_2310.jpg,rain
rain_2308.jpg,rain
rain_2307.jpg,rain
rain_2291.jpg,rain
rain_2290.jpg,rain
rain_2281.jpg,rain
rain_2276.jpg,rain
rain_2275.jpg,rain
rain_2273.jpg,rain
rain_2269.jpg,rain
rain_2267.jpg,rain
rain_2265.jpg,rain
rain_2262.jpg,rain
rain_2261.jpg,rain
rain_2260.jpg,rain
rain_2257.jpg,rain
rain_2254.jpg,rain
rain_2248.jpg,rain
rain_2245.jpg,rain
rain_2247.jpg,rain
rain_2237.jpg,rain
rain_2240.jpg,rain
rain_2229.jpg,rain
rain_2172.jpg,rain
rain_2170.jpg,rain
rain_2164.jpg,rain
rain_2157.jpg,rain
rain_2147.jpg,rain
rain_2144.jpg,rain
rain_2141.jpg,rain
rain_2139.jpg,rain
rain_2136.jpg,rain
rain_2132.jpg,rain
rain_2126.jpg,rain
rain_2124.jpg,rain
rain_2121.jpg,rain
rain_2116.jpg,rain
rain_2110.jpg,rain
rain_2106.jpg,rain
rain_2087.jpg,rain
rain_2085.jpg,rain
rain_2084.jpg,rain
rain_2083.jpg,rain
rain_2082.jpg,rain
rain_2079.jpg,rain
rain_2075.jpg,rain
rain_2073.jpg,rain
rain_2070.jpg,rain
rain_2069.jpg,rain
rain_2068.jpg,rain
rain_2057.jpg,rain
rain_2052.jpg,rain
rain_2050.jpg,rain
rain_2043.jpg,rain
rain_2039.jpg,rain
rain_2038.jpg,rain
rain_2035.jpg,rain
rain_2031.jpg,rain
rain_2024.jpg,rain
rain_2021.jpg,rain
rain_2018.jpg,rain
rain_2016.jpg,rain
rain_2002.jpg,rain
rain_1191.jpg,rain
rain_1190.jpg,rain
rain_1189.jpg,rain
rain_1188.jpg,rain
rain_1186.jpg,rain
rain_1184.jpg,rain
rain_1183.jpg,rain
rain_1182.jpg,rain
rain_1180.jpg,rain
rain_1178.jpg,rain
rain_1177.jpg,rain
rain_1175.jpg,rain
rain_1174.jpg,rain
rain_1172.jpg,rain
rain_1171.jpg,rain
rain_1170.jpg,rain
rain_1169.jpg,rain
rain_1168.jpg,rain
rain_1167.jpg,rain
rain_1166.jpg,rain
rain_1165.jpg,rain
rain_1164.jpg,rain
rain_1163.jpg,rain
rain_1161.jpg,rain
rain_1159.jpg,rain
rain_1157.jpg,rain
rain_1154.jpg,rain
rain_1153.jpg,rain
rain_1151.jpg,rain
rain_1150.jpg,rain
rain_1138.jpg,rain
rain_1137.jpg,rain
rain_1136.jpg,rain
rain_1134.jpg,rain
rain_1132.jpg,rain
rain_1131.jpg,rain
rain_1130.jpg,rain
rain_1129.jpg,rain
rain_1128.jpg,rain
rain_1126.jpg,rain
rain_1118.jpg,rain
rain_1116.jpg,rain
rain_1113.jpg,rain
rain_1111.jpg,rain
rain_1110.jpg,rain
rain_1109.jpg,rain
rain_1108.jpg,rain
rain_1107.jpg,rain
rain_1105.jpg,rain
rain_1102.jpg,rain
rain_1101.jpg,rain
rain_1098.jpg,rain
rain_1097.jpg,rain
rain_1096.jpg,rain
rain_1094.jpg,rain
rain_1093.jpg,rain
rain_1091.jpg,rain
rain_1090.jpg,rain
rain_1088.jpg,rain
rain_1085.jpg,rain
rain_1082.jpg,rain
rain_1080.jpg,rain
rain_1078.jpg,rain
rain_1074.jpg,rain
rain_1077.jpg,rain
rain_1075.jpg,rain
rain_1072.jpg,rain
rain_1071.jpg,rain
rain_1070.jpg,rain
rain_1069.jpg,rain
rain_1067.jpg,rain
rain_1066.jpg,rain
rain_1064.jpg,rain
rain_1059.jpg,rain
rain_1062.jpg,rain
rain_1061.jpg,rain
rain_1060.jpg,rain
rain_1058.jpg,rain
rain_1057.jpg,rain
rain_1054.jpg,rain
rain_1056.jpg,rain
rain_1055.jpg,rain
rain_1052.jpg,rain
rain_1051.jpg,rain
rain_1050.jpg,rain
rain_1049.jpg,rain
rain_1048.jpg,rain
rain_1047.jpg,rain
rain_1046.jpg,rain
rain_1044.jpg,rain
rain_1045.jpg,rain
rain_1043.jpg,rain
rain_1042.jpg,rain
rain_1041.jpg,rain
rain_1040.jpg,rain
rain_1039.jpg,rain
rain_1038.jpg,rain
rain_1037.jpg,rain
rain_1036.jpg,rain
rain_1035.jpg,rain
rain_1034.jpg,rain
rain_1033.jpg,rain
rain_1022.jpg,rain
rain_1015.jpg,rain
rain_1000.jpg,rain
rain_1006.jpg,rain
rain_1004.jpg,rain
rain_1002.jpg,rain
rain_1011.jpg,rain
monochrome_999.jpg,monochrome
monochrome_997.jpg,monochrome
monochrome_998.jpg,monochrome
monochrome_996.jpg,monochrome
monochrome_994.jpg,monochrome
monochrome_991.jpg,monochrome
monochrome_990.jpg,monochrome
monochrome_989.jpg,monochrome
monochrome_988.jpg,monochrome
monochrome_986.jpg,monochrome
monochrome_987.jpg,monochrome
monochrome_985.jpg,monochrome
monochrome_984.jpg,monochrome
monochrome_982.jpg,monochrome
monochrome_980.jpg,monochrome
monochrome_979.jpg,monochrome
monochrome_978.jpg,monochrome
monochrome_977.jpg,monochrome
monochrome_976.jpg,monochrome
monochrome_975.jpg,monochrome
monochrome_974.jpg,monochrome
monochrome_973.jpg,monochrome
monochrome_972.jpg,monochrome
monochrome_971.jpg,monochrome
monochrome_970.jpg,monochrome
monochrome_969.jpg,monochrome
monochrome_968.jpg,monochrome
monochrome_967.jpg,monochrome
monochrome_966.jpg,monochrome
monochrome_965.jpg,monochrome
monochrome_964.jpg,monochrome
monochrome_963.jpg,monochrome
monochrome_962.jpg,monochrome
monochrome_961.jpg,monochrome
monochrome_960.jpg,monochrome
monochrome_959.jpg,monochrome
monochrome_958.jpg,monochrome
monochrome_957.jpg,monochrome
monochrome_954.jpg,monochrome
monochrome_956.jpg,monochrome
monochrome_955.jpg,monochrome
monochrome_953.jpg,monochrome
monochrome_952.jpg,monochrome
monochrome_949.jpg,monochrome
monochrome_947.jpg,monochrome
monochrome_948.jpg,monochrome
monochrome_946.jpg,monochrome
monochrome_945.jpg,monochrome
monochrome_944.jpg,monochrome
monochrome_943.jpg,monochrome
monochrome_941.jpg,monochrome
monochrome_940.jpg,monochrome
monochrome_938.jpg,monochrome
monochrome_936.jpg,monochrome
monochrome_935.jpg,monochrome
monochrome_934.jpg,monochrome
monochrome_931.jpg,monochrome
monochrome_932.jpg,monochrome
monochrome_930.jpg,monochrome
monochrome_929.jpg,monochrome
monochrome_928.jpg,monochrome
monochrome_927.jpg,monochrome
monochrome_925.jpg,monochrome
monochrome_924.jpg,monochrome
monochrome_923.jpg,monochrome
monochrome_922.jpg,monochrome
monochrome_921.jpg,monochrome
monochrome_919.jpg,monochrome
monochrome_917.jpg,monochrome
monochrome_916.jpg,monochrome
monochrome_915.jpg,monochrome
monochrome_914.jpg,monochrome
monochrome_913.jpg,monochrome
monochrome_912.jpg,monochrome
monochrome_909.jpg,monochrome
monochrome_910.jpg,monochrome
monochrome_907.jpg,monochrome
monochrome_902.jpg,monochrome
monochrome_901.jpg,monochrome
monochrome_1203.jpg,monochrome
monochrome_1202.jpg,monochrome
monochrome_1200.jpg,monochrome
monochrome_1199.jpg,monochrome
monochrome_1197.jpg,monochrome
monochrome_1196.jpg,monochrome
monochrome_1195.jpg,monochrome
monochrome_1194.jpg,monochrome
monochrome_1193.jpg,monochrome
monochrome_1191.jpg,monochrome
monochrome_1192.jpg,monochrome
monochrome_1190.jpg,monochrome
monochrome_1189.jpg,monochrome
monochrome_1188.jpg,monochrome
monochrome_1187.jpg,monochrome
monochrome_1185.jpg,monochrome
monochrome_1184.jpg,monochrome
monochrome_1183.jpg,monochrome
monochrome_1180.jpg,monochrome
monochrome_1179.jpg,monochrome
monochrome_1177.jpg,monochrome
monochrome_1173.jpg,monochrome
monochrome_1172.jpg,monochrome
monochrome_1171.jpg,monochrome
monochrome_1170.jpg,monochrome
monochrome_1169.jpg,monochrome
monochrome_1168.jpg,monochrome
monochrome_1167.jpg,monochrome
monochrome_1166.jpg,monochrome
monochrome_1165.jpg,monochrome
monochrome_1164.jpg,monochrome
monochrome_1163.jpg,monochrome
monochrome_1161.jpg,monochrome
monochrome_1160.jpg,monochrome
monochrome_1159.jpg,monochrome
monochrome_1158.jpg,monochrome
monochrome_1157.jpg,monochrome
monochrome_1156.jpg,monochrome
monochrome_1155.jpg,monochrome
monochrome_1154.jpg,monochrome
monochrome_1153.jpg,monochrome
monochrome_1152.jpg,monochrome
monochrome_1151.jpg,monochrome
monochrome_1150.jpg,monochrome
monochrome_1149.jpg,monochrome
monochrome_1148.jpg,monochrome
monochrome_1147.jpg,monochrome
monochrome_1145.jpg,monochrome
monochrome_1144.jpg,monochrome
monochrome_1143.jpg,monochrome
monochrome_1142.jpg,monochrome
monochrome_1141.jpg,monochrome
monochrome_1140.jpg,monochrome
monochrome_1139.jpg,monochrome
monochrome_1138.jpg,monochrome
monochrome_1137.jpg,monochrome
monochrome_1136.jpg,monochrome
monochrome_1135.jpg,monochrome
monochrome_1134.jpg,monochrome
monochrome_1133.jpg,monochrome
monochrome_1132.jpg,monochrome
monochrome_1130.jpg,monochrome
monochrome_1127.jpg,monochrome
monochrome_1129.jpg,monochrome
monochrome_1128.jpg,monochrome
monochrome_1126.jpg,monochrome
monochrome_1123.jpg,monochrome
monochrome_1124.jpg,monochrome
monochrome_1122.jpg,monochrome
monochrome_1121.jpg,monochrome
monochrome_1119.jpg,monochrome
monochrome_1117.jpg,monochrome
monochrome_1116.jpg,monochrome
monochrome_1115.jpg,monochrome
monochrome_1114.jpg,monochrome
monochrome_1112.jpg,monochrome
monochrome_1111.jpg,monochrome
monochrome_1110.jpg,monochrome
monochrome_1108.jpg,monochrome
monochrome_1107.jpg,monochrome
monochrome_1106.jpg,monochrome
monochrome_1105.jpg,monochrome
monochrome_1104.jpg,monochrome
monochrome_1103.jpg,monochrome
monochrome_1102.jpg,monochrome
monochrome_1101.jpg,monochrome
monochrome_1099.jpg,monochrome
monochrome_1098.jpg,monochrome
monochrome_1097.jpg,monochrome
monochrome_1095.jpg,monochrome
monochrome_1094.jpg,monochrome
monochrome_1093.jpg,monochrome
monochrome_1092.jpg,monochrome
monochrome_1091.jpg,monochrome
monochrome_1090.jpg,monochrome
monochrome_1089.jpg,monochrome
monochrome_1088.jpg,monochrome
monochrome_1087.jpg,monochrome
monochrome_1086.jpg,monochrome
monochrome_1085.jpg,monochrome
monochrome_1084.jpg,monochrome
monochrome_1083.jpg,monochrome
monochrome_1082.jpg,monochrome
monochrome_1081.jpg,monochrome
monochrome_1080.jpg,monochrome
monochrome_1079.jpg,monochrome
monochrome_1078.jpg,monochrome
monochrome_1077.jpg,monochrome
monochrome_1076.jpg,monochrome
monochrome_1075.jpg,monochrome
monochrome_1074.jpg,monochrome
monochrome_1073.jpg,monochrome
monochrome_1072.jpg,monochrome
monochrome_1071.jpg,monochrome
monochrome_1069.jpg,monochrome
monochrome_1068.jpg,monochrome
monochrome_1067.jpg,monochrome
monochrome_1066.jpg,monochrome
monochrome_1065.jpg,monochrome
monochrome_1063.jpg,monochrome
monochrome_1061.jpg,monochrome
monochrome_1060.jpg,monochrome
monochrome_1058.jpg,monochrome
monochrome_1059.jpg,monochrome
monochrome_1057.jpg,monochrome
monochrome_1056.jpg,monochrome
monochrome_1055.jpg,monochrome
monochrome_1053.jpg,monochrome
monochrome_1054.jpg,monochrome
monochrome_1051.jpg,monochrome
monochrome_1050.jpg,monochrome
monochrome_1049.jpg,monochrome
monochrome_1047.jpg,monochrome
monochrome_1045.jpg,monochrome
monochrome_1046.jpg,monochrome
monochrome_1044.jpg,monochrome
monochrome_1043.jpg,monochrome
monochrome_1042.jpg,monochrome
monochrome_1040.jpg,monochrome
monochrome_1036.jpg,monochrome
monochrome_1037.jpg,monochrome
monochrome_1035.jpg,monochrome
monochrome_1032.jpg,monochrome
monochrome_1030.jpg,monochrome
monochrome_1029.jpg,monochrome
monochrome_1028.jpg,monochrome
monochrome_1027.jpg,monochrome
monochrome_1026.jpg,monochrome
monochrome_1025.jpg,monochrome
monochrome_1024.jpg,monochrome
monochrome_1023.jpg,monochrome
monochrome_1022.jpg,monochrome
monochrome_1021.jpg,monochrome
monochrome_1020.jpg,monochrome
monochrome_1019.jpg,monochrome
monochrome_1018.jpg,monochrome
monochrome_1017.jpg,monochrome
monochrome_1016.jpg,monochrome
monochrome_1015.jpg,monochrome
monochrome_1014.jpg,monochrome
monochrome_1013.jpg,monochrome
monochrome_1012.jpg,monochrome
monochrome_1011.jpg,monochrome
monochrome_1010.jpg,monochrome
monochrome_1009.jpg,monochrome
monochrome_1008.jpg,monochrome
monochrome_1007.jpg,monochrome
monochrome_1006.jpg,monochrome
monochrome_1005.jpg,monochrome
monochrome_1001.jpg,monochrome
monochrome_1003.jpg,monochrome
monochrome_1004.jpg,monochrome
monochrome_1002.jpg,monochrome
monochrome_1000.jpg,monochrome
indoor_999.jpg,indoor
indoor_998.jpg,indoor
indoor_997.jpg,indoor
indoor_996.jpg,indoor
indoor_995.jpg,indoor
indoor_994.jpg,indoor
indoor_992.jpg,indoor
indoor_991.jpg,indoor
indoor_990.jpg,indoor
indoor_989.jpg,indoor
indoor_988.jpg,indoor
indoor_986.jpg,indoor
indoor_983.jpg,indoor
indoor_982.jpg,indoor
indoor_980.jpg,indoor
indoor_978.jpg,indoor
indoor_979.jpg,indoor
indoor_977.jpg,indoor
indoor_974.jpg,indoor
indoor_973.jpg,indoor
indoor_972.jpg,indoor
indoor_967.jpg,indoor
indoor_969.jpg,indoor
indoor_966.jpg,indoor
indoor_965.jpg,indoor
indoor_964.jpg,indoor
indoor_963.jpg,indoor
indoor_962.jpg,indoor
indoor_961.jpg,indoor
indoor_960.jpg,indoor
indoor_959.jpg,indoor
indoor_956.jpg,indoor
indoor_955.jpg,indoor
indoor_954.jpg,indoor
indoor_953.jpg,indoor
indoor_952.jpg,indoor
indoor_951.jpg,indoor
indoor_950.jpg,indoor
indoor_948.jpg,indoor
indoor_946.jpg,indoor
indoor_944.jpg,indoor
indoor_942.jpg,indoor
indoor_937.jpg,indoor
indoor_936.jpg,indoor
indoor_935.jpg,indoor
indoor_934.jpg,indoor
indoor_930.jpg,indoor
indoor_923.jpg,indoor
indoor_920.jpg,indoor
indoor_918.jpg,indoor
indoor_917.jpg,indoor
indoor_916.jpg,indoor
indoor_915.jpg,indoor
indoor_914.jpg,indoor
indoor_913.jpg,indoor
indoor_911.jpg,indoor
indoor_910.jpg,indoor
indoor_909.jpg,indoor
indoor_908.jpg,indoor
indoor_907.jpg,indoor
indoor_906.jpg,indoor
indoor_901.jpg,indoor
indoor_3062.jpg,indoor
indoor_3058.jpg,indoor
indoor_3053.jpg,indoor
indoor_3052.jpg,indoor
indoor_3051.jpg,indoor
indoor_3050.jpg,indoor
indoor_3049.jpg,indoor
indoor_3048.jpg,indoor
indoor_3047.jpg,indoor
indoor_3044.jpg,indoor
indoor_3039.jpg,indoor
indoor_3037.jpg,indoor
indoor_3036.jpg,indoor
indoor_3034.jpg,indoor
indoor_3033.jpg,indoor
indoor_3032.jpg,indoor
indoor_3026.jpg,indoor
indoor_3021.jpg,indoor
indoor_3018.jpg,indoor
indoor_3014.jpg,indoor
indoor_3015.jpg,indoor
indoor_3013.jpg,indoor
indoor_3011.jpg,indoor
indoor_3010.jpg,indoor
indoor_3008.jpg,indoor
indoor_3009.jpg,indoor
indoor_3005.jpg,indoor
indoor_3002.jpg,indoor
indoor_3001.jpg,indoor
indoor_1199.jpg,indoor
indoor_1197.jpg,indoor
indoor_1196.jpg,indoor
indoor_1194.jpg,indoor
indoor_1193.jpg,indoor
indoor_1192.jpg,indoor
indoor_1191.jpg,indoor
indoor_1190.jpg,indoor
indoor_1189.jpg,indoor
indoor_1188.jpg,indoor
indoor_1186.jpg,indoor
indoor_1187.jpg,indoor
indoor_1185.jpg,indoor
indoor_1184.jpg,indoor
indoor_1183.jpg,indoor
indoor_1182.jpg,indoor
indoor_1181.jpg,indoor
indoor_1180.jpg,indoor
indoor_1179.jpg,indoor
indoor_1178.jpg,indoor
indoor_1177.jpg,indoor
indoor_1176.jpg,indoor
indoor_1175.jpg,indoor
indoor_1174.jpg,indoor
indoor_1173.jpg,indoor
indoor_1172.jpg,indoor
indoor_1171.jpg,indoor
indoor_1170.jpg,indoor
indoor_1168.jpg,indoor
indoor_1167.jpg,indoor
indoor_1165.jpg,indoor
indoor_1164.jpg,indoor
indoor_1163.jpg,indoor
indoor_1161.jpg,indoor
indoor_1160.jpg,indoor
indoor_1159.jpg,indoor
indoor_1158.jpg,indoor
indoor_1157.jpg,indoor
indoor_1155.jpg,indoor
indoor_1154.jpg,indoor
indoor_1153.jpg,indoor
indoor_1152.jpg,indoor
indoor_1151.jpg,indoor
indoor_1149.jpg,indoor
indoor_1148.jpg,indoor
indoor_1147.jpg,indoor
indoor_1146.jpg,indoor
indoor_1143.jpg,indoor
indoor_1145.jpg,indoor
indoor_1142.jpg,indoor
indoor_1141.jpg,indoor
indoor_1140.jpg,indoor
indoor_1139.jpg,indoor
indoor_1138.jpg,indoor
indoor_1137.jpg,indoor
indoor_1135.jpg,indoor
indoor_1134.jpg,indoor
indoor_1133.jpg,indoor
indoor_1131.jpg,indoor
indoor_1130.jpg,indoor
indoor_1126.jpg,indoor
indoor_1129.jpg,indoor
indoor_1127.jpg,indoor
indoor_1125.jpg,indoor
indoor_1124.jpg,indoor
indoor_1122.jpg,indoor
indoor_1123.jpg,indoor
indoor_1121.jpg,indoor
indoor_1119.jpg,indoor
indoor_1118.jpg,indoor
indoor_1116.jpg,indoor
indoor_1115.jpg,indoor
indoor_1114.jpg,indoor
indoor_1113.jpg,indoor
indoor_1112.jpg,indoor
indoor_1111.jpg,indoor
indoor_1110.jpg,indoor
indoor_1109.jpg,indoor
indoor_1108.jpg,indoor
indoor_1107.jpg,indoor
indoor_1105.jpg,indoor
indoor_1102.jpg,indoor
indoor_1104.jpg,indoor
indoor_1101.jpg,indoor
indoor_1100.jpg,indoor
indoor_1099.jpg,indoor
indoor_1098.jpg,indoor
indoor_1097.jpg,indoor
indoor_1096.jpg,indoor
indoor_1092.jpg,indoor
indoor_1091.jpg,indoor
indoor_1090.jpg,indoor
indoor_1088.jpg,indoor
indoor_1086.jpg,indoor
indoor_1085.jpg,indoor
indoor_1084.jpg,indoor
indoor_1082.jpg,indoor
indoor_1081.jpg,indoor
indoor_1080.jpg,indoor
indoor_1078.jpg,indoor
indoor_1077.jpg,indoor
indoor_1076.jpg,indoor
indoor_1075.jpg,indoor
indoor_1074.jpg,indoor
indoor_1073.jpg,indoor
indoor_1071.jpg,indoor
indoor_1070.jpg,indoor
indoor_1069.jpg,indoor
indoor_1068.jpg,indoor
indoor_1066.jpg,indoor
indoor_1065.jpg,indoor
indoor_1064.jpg,indoor
indoor_1063.jpg,indoor
indoor_1062.jpg,indoor
indoor_1060.jpg,indoor
indoor_1059.jpg,indoor
indoor_1061.jpg,indoor
indoor_1058.jpg,indoor
indoor_1057.jpg,indoor
indoor_1056.jpg,indoor
indoor_1055.jpg,indoor
indoor_1054.jpg,indoor
indoor_1052.jpg,indoor
indoor_1051.jpg,indoor
indoor_1050.jpg,indoor
indoor_1049.jpg,indoor
indoor_1048.jpg,indoor
indoor_1047.jpg,indoor
indoor_1046.jpg,indoor
indoor_1043.jpg,indoor
indoor_1042.jpg,indoor
indoor_1041.jpg,indoor
indoor_1040.jpg,indoor
indoor_1039.jpg,indoor
indoor_1038.jpg,indoor
indoor_1037.jpg,indoor
indoor_1036.jpg,indoor
indoor_1034.jpg,indoor
indoor_1032.jpg,indoor
indoor_1030.jpg,indoor
indoor_1028.jpg,indoor
indoor_1029.jpg,indoor
indoor_1027.jpg,indoor
indoor_1026.jpg,indoor
indoor_1025.jpg,indoor
indoor_1024.jpg,indoor
indoor_1023.jpg,indoor
indoor_1022.jpg,indoor
indoor_1021.jpg,indoor
indoor_1020.jpg,indoor
indoor_1019.jpg,indoor
indoor_1018.jpg,indoor
indoor_1017.jpg,indoor
indoor_1016.jpg,indoor
indoor_1015.jpg,indoor
indoor_1014.jpg,indoor
indoor_1013.jpg,indoor
indoor_1012.jpg,indoor
indoor_1011.jpg,indoor
indoor_1010.jpg,indoor
indoor_1009.jpg,indoor
indoor_1008.jpg,indoor
indoor_1007.jpg,indoor
indoor_1006.jpg,indoor
indoor_1005.jpg,indoor
indoor_1002.jpg,indoor
indoor_1001.jpg,indoor
indoor_1004.jpg,indoor
indoor_1003.jpg,indoor
fog_999.jpg,fog
fog_998.jpg,fog
fog_997.jpg,fog
fog_996.jpg,fog
fog_993.jpg,fog
fog_992.jpg,fog
fog_990.jpg,fog
fog_989.jpg,fog
fog_987.jpg,fog
fog_984.jpg,fog
fog_983.jpg,fog
fog_982.jpg,fog
fog_981.jpg,fog
fog_979.jpg,fog
fog_978.jpg,fog
fog_977.jpg,fog
fog_975.jpg,fog
fog_974.jpg,fog
fog_971.jpg,fog
fog_969.jpg,fog
fog_968.jpg,fog
fog_967.jpg,fog
fog_966.jpg,fog
fog_965.jpg,fog
fog_963.jpg,fog
fog_962.jpg,fog
fog_960.jpg,fog
fog_959.jpg,fog
fog_958.jpg,fog
fog_957.jpg,fog
fog_956.jpg,fog
fog_954.jpg,fog
fog_953.jpg,fog
fog_952.jpg,fog
fog_947.jpg,fog
fog_945.jpg,fog
fog_944.jpg,fog
fog_943.jpg,fog
fog_942.jpg,fog
fog_940.jpg,fog
fog_939.jpg,fog
fog_937.jpg,fog
fog_936.jpg,fog
fog_935.jpg,fog
fog_933.jpg,fog
fog_927.jpg,fog
fog_929.jpg,fog
fog_925.jpg,fog
fog_922.jpg,fog
fog_921.jpg,fog
fog_918.jpg,fog
fog_916.jpg,fog
fog_912.jpg,fog
fog_910.jpg,fog
fog_907.jpg,fog
fog_905.jpg,fog
fog_904.jpg,fog
fog_2347.jpg,fog
fog_2345.jpg,fog
fog_2344.jpg,fog
fog_2342.jpg,fog
fog_2341.jpg,fog
fog_2340.jpg,fog
fog_2339.jpg,fog
fog_2336.jpg,fog
fog_2335.jpg,fog
fog_2330.jpg,fog
fog_2326.jpg,fog
fog_2325.jpg,fog
fog_2323.jpg,fog
fog_2321.jpg,fog
fog_2320.jpg,fog
fog_2318.jpg,fog
fog_2319.jpg,fog
fog_2317.jpg,fog
fog_2316.jpg,fog
fog_2315.jpg,fog
fog_2313.jpg,fog
fog_2314.jpg,fog
fog_2312.jpg,fog
fog_2305.jpg,fog
fog_2303.jpg,fog
fog_2299.jpg,fog
fog_2298.jpg,fog
fog_2296.jpg,fog
fog_2293.jpg,fog
fog_2289.jpg,fog
fog_2288.jpg,fog
fog_2287.jpg,fog
fog_2286.jpg,fog
fog_2283.jpg,fog
fog_2273.jpg,fog
fog_2250.jpg,fog
fog_2246.jpg,fog
fog_2245.jpg,fog
fog_2237.jpg,fog
fog_2219.jpg,fog
fog_2213.jpg,fog
fog_2182.jpg,fog
fog_2175.jpg,fog
fog_2174.jpg,fog
fog_2172.jpg,fog
fog_2144.jpg,fog
fog_2135.jpg,fog
fog_2142.jpg,fog
fog_2134.jpg,fog
fog_2128.jpg,fog
fog_2121.jpg,fog
fog_2122.jpg,fog
fog_2060.jpg,fog
fog_2058.jpg,fog
fog_2037.jpg,fog
fog_2036.jpg,fog
fog_2035.jpg,fog
fog_2016.jpg,fog
fog_2015.jpg,fog
fog_2014.jpg,fog
fog_1199.jpg,fog
fog_1198.jpg,fog
fog_1197.jpg,fog
fog_1195.jpg,fog
fog_1193.jpg,fog
fog_1192.jpg,fog
fog_1191.jpg,fog
fog_1189.jpg,fog
fog_1190.jpg,fog
fog_1188.jpg,fog
fog_1186.jpg,fog
fog_1185.jpg,fog
fog_1183.jpg,fog
fog_1182.jpg,fog
fog_1180.jpg,fog
fog_1177.jpg,fog
fog_1176.jpg,fog
fog_1175.jpg,fog
fog_1174.jpg,fog
fog_1173.jpg,fog
fog_1172.jpg,fog
fog_1171.jpg,fog
fog_1170.jpg,fog
fog_1169.jpg,fog
fog_1168.jpg,fog
fog_1165.jpg,fog
fog_1164.jpg,fog
fog_1163.jpg,fog
fog_1162.jpg,fog
fog_1161.jpg,fog
fog_1159.jpg,fog
fog_1158.jpg,fog
fog_1157.jpg,fog
fog_1156.jpg,fog
fog_1155.jpg,fog
fog_1153.jpg,fog
fog_1151.jpg,fog
fog_1152.jpg,fog
fog_1150.jpg,fog
fog_1149.jpg,fog
fog_1148.jpg,fog
fog_1147.jpg,fog
fog_1146.jpg,fog
fog_1145.jpg,fog
fog_1140.jpg,fog
fog_1137.jpg,fog
fog_1135.jpg,fog
fog_1133.jpg,fog
fog_1132.jpg,fog
fog_1131.jpg,fog
fog_1129.jpg,fog
fog_1128.jpg,fog
fog_1127.jpg,fog
fog_1124.jpg,fog
fog_1122.jpg,fog
fog_1121.jpg,fog
fog_1120.jpg,fog
fog_1117.jpg,fog
fog_1115.jpg,fog
fog_1114.jpg,fog
fog_1113.jpg,fog
fog_1112.jpg,fog
fog_1111.jpg,fog
fog_1110.jpg,fog
fog_1109.jpg,fog
fog_1108.jpg,fog
fog_1107.jpg,fog
fog_1105.jpg,fog
fog_1106.jpg,fog
fog_1101.jpg,fog
fog_1100.jpg,fog
fog_1099.jpg,fog
fog_1098.jpg,fog
fog_1097.jpg,fog
fog_1096.jpg,fog
fog_1095.jpg,fog
fog_1094.jpg,fog
fog_1093.jpg,fog
fog_1092.jpg,fog
fog_1091.jpg,fog
fog_1089.jpg,fog
fog_1088.jpg,fog
fog_1087.jpg,fog
fog_1086.jpg,fog
fog_1085.jpg,fog
fog_1084.jpg,fog
fog_1083.jpg,fog
fog_1082.jpg,fog
fog_1081.jpg,fog
fog_1080.jpg,fog
fog_1079.jpg,fog
fog_1078.jpg,fog
fog_1077.jpg,fog
fog_1076.jpg,fog
fog_1075.jpg,fog
fog_1074.jpg,fog
fog_1073.jpg,fog
fog_1072.jpg,fog
fog_1071.jpg,fog
fog_1070.jpg,fog
fog_1069.jpg,fog
fog_1068.jpg,fog
fog_1066.jpg,fog
fog_1065.jpg,fog
fog_1064.jpg,fog
fog_1063.jpg,fog
fog_1062.jpg,fog
fog_1061.jpg,fog
fog_1060.jpg,fog
fog_1059.jpg,fog
fog_1058.jpg,fog
fog_1055.jpg,fog
fog_1057.jpg,fog
fog_1056.jpg,fog
fog_1054.jpg,fog
fog_1053.jpg,fog
fog_1052.jpg,fog
fog_1051.jpg,fog
fog_1050.jpg,fog
fog_1049.jpg,fog
fog_1048.jpg,fog
fog_1046.jpg,fog
fog_1047.jpg,fog
fog_1045.jpg,fog
fog_1044.jpg,fog
fog_1043.jpg,fog
fog_1042.jpg,fog
fog_1041.jpg,fog
fog_1039.jpg,fog
fog_1038.jpg,fog
fog_1037.jpg,fog
fog_1034.jpg,fog
fog_1036.jpg,fog
fog_1035.jpg,fog
fog_1033.jpg,fog
fog_1032.jpg,fog
fog_1030.jpg,fog
fog_1029.jpg,fog
fog_1031.jpg,fog
fog_1028.jpg,fog
fog_1026.jpg,fog
fog_1025.jpg,fog
fog_1024.jpg,fog
fog_1023.jpg,fog
fog_1021.jpg,fog
fog_1019.jpg,fog
fog_1018.jpg,fog
fog_1016.jpg,fog
fog_1014.jpg,fog
fog_1013.jpg,fog
fog_1011.jpg,fog
fog_1012.jpg,fog
fog_1009.jpg,fog
fog_1008.jpg,fog
fog_1001.jpg,fog
fog_1007.jpg,fog
fog_1005.jpg,fog
fog_1000.jpg,fog
cloudy_999.jpg,cloudy
cloudy_998.jpg,cloudy
cloudy_995.jpg,cloudy
cloudy_990.jpg,cloudy
cloudy_989.jpg,cloudy
cloudy_988.jpg,cloudy
cloudy_986.jpg,cloudy
cloudy_983.jpg,cloudy
cloudy_980.jpg,cloudy
cloudy_972.jpg,cloudy
cloudy_973.jpg,cloudy
cloudy_971.jpg,cloudy
cloudy_969.jpg,cloudy
cloudy_968.jpg,cloudy
cloudy_967.jpg,cloudy
cloudy_965.jpg,cloudy
cloudy_964.jpg,cloudy
cloudy_963.jpg,cloudy
cloudy_960.jpg,cloudy
cloudy_957.jpg,cloudy
cloudy_956.jpg,cloudy
cloudy_955.jpg,cloudy
cloudy_954.jpg,cloudy
cloudy_952.jpg,cloudy
cloudy_951.jpg,cloudy
cloudy_950.jpg,cloudy
cloudy_948.jpg,cloudy
cloudy_947.jpg,cloudy
cloudy_946.jpg,cloudy
cloudy_945.jpg,cloudy
cloudy_940.jpg,cloudy
cloudy_939.jpg,cloudy
cloudy_938.jpg,cloudy
cloudy_936.jpg,cloudy
cloudy_933.jpg,cloudy
cloudy_930.jpg,cloudy
cloudy_929.jpg,cloudy
cloudy_922.jpg,cloudy
cloudy_921.jpg,cloudy
cloudy_920.jpg,cloudy
cloudy_919.jpg,cloudy
cloudy_916.jpg,cloudy
cloudy_915.jpg,cloudy
cloudy_912.jpg,cloudy
cloudy_909.jpg,cloudy
cloudy_907.jpg,cloudy
cloudy_906.jpg,cloudy
cloudy_902.jpg,cloudy
cloudy_5317.jpg,cloudy
cloudy_5290.jpg,cloudy
cloudy_5281.jpg,cloudy
cloudy_5267.jpg,cloudy
cloudy_5258.jpg,cloudy
cloudy_5265.jpg,cloudy
cloudy_5251.jpg,cloudy
cloudy_5236.jpg,cloudy
cloudy_5227.jpg,cloudy
cloudy_5235.jpg,cloudy
cloudy_5217.jpg,cloudy
cloudy_5182.jpg,cloudy
cloudy_5134.jpg,cloudy
cloudy_5156.jpg,cloudy
cloudy_5126.jpg,cloudy
cloudy_5119.jpg,cloudy
cloudy_5108.jpg,cloudy
cloudy_5098.jpg,cloudy
cloudy_5094.jpg,cloudy
cloudy_5079.jpg,cloudy
cloudy_5065.jpg,cloudy
cloudy_5049.jpg,cloudy
cloudy_5021.jpg,cloudy
cloudy_4992.jpg,cloudy
cloudy_4989.jpg,cloudy
cloudy_4977.jpg,cloudy
cloudy_4967.jpg,cloudy
cloudy_4964.jpg,cloudy
cloudy_4918.jpg,cloudy
cloudy_4908.jpg,cloudy
cloudy_4885.jpg,cloudy
cloudy_4869.jpg,cloudy
cloudy_4842.jpg,cloudy
cloudy_4839.jpg,cloudy
cloudy_4822.jpg,cloudy
cloudy_4819.jpg,cloudy
cloudy_4818.jpg,cloudy
cloudy_4811.jpg,cloudy
cloudy_4808.jpg,cloudy
cloudy_4783.jpg,cloudy
cloudy_4782.jpg,cloudy
cloudy_4768.jpg,cloudy
cloudy_4751.jpg,cloudy
cloudy_4728.jpg,cloudy
cloudy_4726.jpg,cloudy
cloudy_4712.jpg,cloudy
cloudy_4702.jpg,cloudy
cloudy_4691.jpg,cloudy
cloudy_4670.jpg,cloudy
cloudy_4663.jpg,cloudy
cloudy_4650.jpg,cloudy
cloudy_4632.jpg,cloudy
cloudy_3963.jpg,cloudy
cloudy_3954.jpg,cloudy
cloudy_3952.jpg,cloudy
cloudy_3937.jpg,cloudy
cloudy_3919.jpg,cloudy
cloudy_3912.jpg,cloudy
cloudy_3884.jpg,cloudy
cloudy_3908.jpg,cloudy
cloudy_3790.jpg,cloudy
cloudy_3838.jpg,cloudy
cloudy_2824.jpg,cloudy
cloudy_2774.jpg,cloudy
cloudy_2673.jpg,cloudy
cloudy_2699.jpg,cloudy
cloudy_2715.jpg,cloudy
cloudy_2599.jpg,cloudy
cloudy_2587.jpg,cloudy
cloudy_2583.jpg,cloudy
cloudy_2564.jpg,cloudy
cloudy_2536.jpg,cloudy
cloudy_2512.jpg,cloudy
cloudy_2506.jpg,cloudy
cloudy_2423.jpg,cloudy
cloudy_2371.jpg,cloudy
cloudy_2368.jpg,cloudy
cloudy_2361.jpg,cloudy
cloudy_2336.jpg,cloudy
cloudy_2324.jpg,cloudy
cloudy_2306.jpg,cloudy
cloudy_2273.jpg,cloudy
cloudy_2267.jpg,cloudy
cloudy_2204.jpg,cloudy
cloudy_2153.jpg,cloudy
cloudy_2150.jpg,cloudy
cloudy_2145.jpg,cloudy
cloudy_2127.jpg,cloudy
cloudy_2121.jpg,cloudy
cloudy_2119.jpg,cloudy
cloudy_2108.jpg,cloudy
cloudy_2104.jpg,cloudy
cloudy_2091.jpg,cloudy
cloudy_2071.jpg,cloudy
cloudy_2043.jpg,cloudy
cloudy_1203.jpg,cloudy
cloudy_1200.jpg,cloudy
cloudy_1198.jpg,cloudy
cloudy_1196.jpg,cloudy
cloudy_1193.jpg,cloudy
cloudy_1192.jpg,cloudy
cloudy_1188.jpg,cloudy
cloudy_1187.jpg,cloudy
cloudy_1186.jpg,cloudy
cloudy_1183.jpg,cloudy
cloudy_1182.jpg,cloudy
cloudy_1180.jpg,cloudy
cloudy_1179.jpg,cloudy
cloudy_1177.jpg,cloudy
cloudy_1175.jpg,cloudy
cloudy_1174.jpg,cloudy
cloudy_1172.jpg,cloudy
cloudy_1171.jpg,cloudy
cloudy_1170.jpg,cloudy
cloudy_1167.jpg,cloudy
cloudy_1166.jpg,cloudy
cloudy_1165.jpg,cloudy
cloudy_1164.jpg,cloudy
cloudy_1163.jpg,cloudy
cloudy_1162.jpg,cloudy
cloudy_1158.jpg,cloudy
cloudy_1157.jpg,cloudy
cloudy_1155.jpg,cloudy
cloudy_1153.jpg,cloudy
cloudy_1151.jpg,cloudy
cloudy_1150.jpg,cloudy
cloudy_1149.jpg,cloudy
cloudy_1148.jpg,cloudy
cloudy_1145.jpg,cloudy
cloudy_1147.jpg,cloudy
cloudy_1144.jpg,cloudy
cloudy_1143.jpg,cloudy
cloudy_1142.jpg,cloudy
cloudy_1141.jpg,cloudy
cloudy_1138.jpg,cloudy
cloudy_1137.jpg,cloudy
cloudy_1136.jpg,cloudy
cloudy_1132.jpg,cloudy
cloudy_1131.jpg,cloudy
cloudy_1130.jpg,cloudy
cloudy_1128.jpg,cloudy
cloudy_1126.jpg,cloudy
cloudy_1125.jpg,cloudy
cloudy_1119.jpg,cloudy
cloudy_1118.jpg,cloudy
cloudy_1117.jpg,cloudy
cloudy_1112.jpg,cloudy
cloudy_1108.jpg,cloudy
cloudy_1106.jpg,cloudy
cloudy_1104.jpg,cloudy
cloudy_1103.jpg,cloudy
cloudy_1101.jpg,cloudy
cloudy_1099.jpg,cloudy
cloudy_1098.jpg,cloudy
cloudy_1097.jpg,cloudy
cloudy_1096.jpg,cloudy
cloudy_1095.jpg,cloudy
cloudy_1094.jpg,cloudy
cloudy_1093.jpg,cloudy
cloudy_1092.jpg,cloudy
cloudy_1091.jpg,cloudy
cloudy_1090.jpg,cloudy
cloudy_1089.jpg,cloudy
cloudy_1088.jpg,cloudy
cloudy_1087.jpg,cloudy
cloudy_1085.jpg,cloudy
cloudy_1084.jpg,cloudy
cloudy_1083.jpg,cloudy
cloudy_1082.jpg,cloudy
cloudy_1078.jpg,cloudy
cloudy_1069.jpg,cloudy
cloudy_1081.jpg,cloudy
cloudy_1079.jpg,cloudy
cloudy_1080.jpg,cloudy
cloudy_1077.jpg,cloudy
cloudy_1075.jpg,cloudy
cloudy_1072.jpg,cloudy
cloudy_1070.jpg,cloudy
cloudy_1068.jpg,cloudy
cloudy_1066.jpg,cloudy
cloudy_1062.jpg,cloudy
cloudy_1061.jpg,cloudy
cloudy_1060.jpg,cloudy
cloudy_1059.jpg,cloudy
cloudy_1058.jpg,cloudy
cloudy_1054.jpg,cloudy
cloudy_1053.jpg,cloudy
cloudy_1052.jpg,cloudy
cloudy_1051.jpg,cloudy
cloudy_1050.jpg,cloudy
cloudy_1040.jpg,cloudy
cloudy_1036.jpg,cloudy
cloudy_1035.jpg,cloudy
cloudy_1034.jpg,cloudy
cloudy_1032.jpg,cloudy
cloudy_1030.jpg,cloudy
cloudy_1026.jpg,cloudy
cloudy_1025.jpg,cloudy
cloudy_1023.jpg,cloudy
cloudy_1015.jpg,cloudy
cloudy_1003.jpg,cloudy
cloudy_1009.jpg,cloudy
cloudy_1005.jpg,cloudy
backlight_998.jpg,backlight
backlight_996.jpg,backlight
backlight_995.jpg,backlight
backlight_994.jpg,backlight
backlight_993.jpg,backlight
backlight_991.jpg,backlight
backlight_990.jpg,backlight
backlight_99.jpg,backlight
backlight_989.jpg,backlight
backlight_988.jpg,backlight
backlight_987.jpg,backlight
backlight_986.jpg,backlight
backlight_985.jpg,backlight
backlight_982.jpg,backlight
backlight_981.jpg,backlight
backlight_980.jpg,backlight
backlight_979.jpg,backlight
backlight_978.jpg,backlight
backlight_977.jpg,backlight
backlight_974.jpg,backlight
backlight_970.jpg,backlight
backlight_969.jpg,backlight
backlight_968.jpg,backlight
backlight_966.jpg,backlight
backlight_964.jpg,backlight
backlight_965.jpg,backlight
backlight_963.jpg,backlight
backlight_962.jpg,backlight
backlight_961.jpg,backlight
backlight_960.jpg,backlight
backlight_959.jpg,backlight
backlight_958.jpg,backlight
backlight_957.jpg,backlight
backlight_956.jpg,backlight
backlight_955.jpg,backlight
backlight_954.jpg,backlight
backlight_953.jpg,backlight
backlight_951.jpg,backlight
backlight_950.jpg,backlight
backlight_949.jpg,backlight
backlight_948.jpg,backlight
backlight_947.jpg,backlight
backlight_945.jpg,backlight
backlight_943.jpg,backlight
backlight_942.jpg,backlight
backlight_941.jpg,backlight
backlight_940.jpg,backlight
backlight_939.jpg,backlight
backlight_938.jpg,backlight
backlight_936.jpg,backlight
backlight_937.jpg,backlight
backlight_934.jpg,backlight
backlight_933.jpg,backlight
backlight_931.jpg,backlight
backlight_930.jpg,backlight
backlight_928.jpg,backlight
backlight_926.jpg,backlight
backlight_924.jpg,backlight
backlight_922.jpg,backlight
backlight_92.jpg,backlight
backlight_919.jpg,backlight
backlight_918.jpg,backlight
backlight_917.jpg,backlight
backlight_914.jpg,backlight
backlight_913.jpg,backlight
backlight_912.jpg,backlight
backlight_909.jpg,backlight
backlight_907.jpg,backlight
backlight_903.jpg,backlight
backlight_902.jpg,backlight
backlight_901.jpg,backlight
backlight_899.jpg,backlight
backlight_898.jpg,backlight
backlight_892.jpg,backlight
backlight_89.jpg,backlight
backlight_889.jpg,backlight
backlight_887.jpg,backlight
backlight_886.jpg,backlight
backlight_885.jpg,backlight
backlight_884.jpg,backlight
backlight_880.jpg,backlight
backlight_876.jpg,backlight
backlight_874.jpg,backlight
backlight_871.jpg,backlight
backlight_869.jpg,backlight
backlight_868.jpg,backlight
backlight_863.jpg,backlight
backlight_862.jpg,backlight
backlight_856.jpg,backlight
backlight_855.jpg,backlight
backlight_854.jpg,backlight
backlight_853.jpg,backlight
backlight_852.jpg,backlight
backlight_850.jpg,backlight
backlight_849.jpg,backlight
backlight_844.jpg,backlight
backlight_842.jpg,backlight
backlight_841.jpg,backlight
backlight_840.jpg,backlight
backlight_839.jpg,backlight
backlight_837.jpg,backlight
backlight_835.jpg,backlight
backlight_833.jpg,backlight
backlight_832.jpg,backlight
backlight_824.jpg,backlight
backlight_831.jpg,backlight
backlight_820.jpg,backlight
backlight_817.jpg,backlight
backlight_813.jpg,backlight
backlight_808.jpg,backlight
backlight_807.jpg,backlight
backlight_804.jpg,backlight
backlight_80.jpg,backlight
backlight_793.jpg,backlight
backlight_792.jpg,backlight
backlight_791.jpg,backlight
backlight_789.jpg,backlight
backlight_788.jpg,backlight
backlight_781.jpg,backlight
backlight_78.jpg,backlight
backlight_780.jpg,backlight
backlight_778.jpg,backlight
backlight_775.jpg,backlight
backlight_774.jpg,backlight
backlight_773.jpg,backlight
backlight_772.jpg,backlight
backlight_768.jpg,backlight
backlight_767.jpg,backlight
backlight_765.jpg,backlight
backlight_763.jpg,backlight
backlight_761.jpg,backlight
backlight_760.jpg,backlight
backlight_759.jpg,backlight
backlight_758.jpg,backlight
backlight_752.jpg,backlight
backlight_75.jpg,backlight
backlight_747.jpg,backlight
backlight_744.jpg,backlight
backlight_743.jpg,backlight
backlight_742.jpg,backlight
backlight_740.jpg,backlight
backlight_734.jpg,backlight
backlight_732.jpg,backlight
backlight_728.jpg,backlight
backlight_727.jpg,backlight
backlight_726.jpg,backlight
backlight_723.jpg,backlight
backlight_716.jpg,backlight
backlight_714.jpg,backlight
backlight_713.jpg,backlight
backlight_710.jpg,backlight
backlight_709.jpg,backlight
backlight_707.jpg,backlight
backlight_705.jpg,backlight
backlight_703.jpg,backlight
backlight_70.jpg,backlight
backlight_69.jpg,backlight
backlight_63.jpg,backlight
backlight_51.jpg,backlight
backlight_50.jpg,backlight
backlight_48.jpg,backlight
backlight_43.jpg,backlight
backlight_3231.jpg,backlight
backlight_40.jpg,backlight
backlight_35.jpg,backlight
backlight_3220.jpg,backlight
backlight_3217.jpg,backlight
backlight_3212.jpg,backlight
backlight_3196.jpg,backlight
backlight_3194.jpg,backlight
backlight_3170.jpg,backlight
backlight_3172.jpg,backlight
backlight_3142.jpg,backlight
backlight_3138.jpg,backlight
backlight_3115.jpg,backlight
backlight_3108.jpg,backlight
backlight_3099.jpg,backlight
backlight_3091.jpg,backlight
backlight_3076.jpg,backlight
backlight_3071.jpg,backlight
backlight_3067.jpg,backlight
backlight_3065.jpg,backlight
backlight_3061.jpg,backlight
backlight_3057.jpg,backlight
backlight_3053.jpg,backlight
backlight_3049.jpg,backlight
backlight_3048.jpg,backlight
backlight_3044.jpg,backlight
backlight_3043.jpg,backlight
backlight_3041.jpg,backlight
backlight_3036.jpg,backlight
backlight_3033.jpg,backlight
backlight_3026.jpg,backlight
backlight_3024.jpg,backlight
backlight_3017.jpg,backlight
backlight_3005.jpg,backlight
backlight_209.jpg,backlight
backlight_2042.jpg,backlight
backlight_2040.jpg,backlight
backlight_2038.jpg,backlight
backlight_2039.jpg,backlight
backlight_2037.jpg,backlight
backlight_2036.jpg,backlight
backlight_2033.jpg,backlight
backlight_2034.jpg,backlight
backlight_2032.jpg,backlight
backlight_2031.jpg,backlight
backlight_2030.jpg,backlight
backlight_2029.jpg,backlight
backlight_2026.jpg,backlight
backlight_2025.jpg,backlight
backlight_2024.jpg,backlight
backlight_2023.jpg,backlight
backlight_2022.jpg,backlight
backlight_2021.jpg,backlight
backlight_2020.jpg,backlight
backlight_2016.jpg,backlight
backlight_2015.jpg,backlight
backlight_2014.jpg,backlight
backlight_2011.jpg,backlight
backlight_2009.jpg,backlight
backlight_2007.jpg,backlight
backlight_2006.jpg,backlight
backlight_2004.jpg,backlight
backlight_2003.jpg,backlight
backlight_2002.jpg,backlight
backlight_2001.jpg,backlight
backlight_2000.jpg,backlight
backlight_19.jpg,backlight
backlight_184.jpg,backlight
backlight_180.jpg,backlight
backlight_176.jpg,backlight
backlight_168.jpg,backlight
backlight_137.jpg,backlight
backlight_130.jpg,backlight
backlight_157.jpg,backlight
backlight_165.jpg,backlight
backlight_129.jpg,backlight
backlight_117.jpg,backlight
backlight_111.jpg,backlight
backlight_1010.jpg,backlight
backlight_1007.jpg,backlight
backlight_1003.jpg,backlight
backlight_1001.jpg,backlight
backlight_1.jpg,backlight
backlight_1005.jpg,backlight
backlight_1000.jpg,backlight
